Patient_ID,Age,Gender,BMI,Blood_Pressure_Systolic,Blood_Pressure_Diastolic,Cholesterol,Glucose_Level,Smoking,Alcohol_Intake,Physical_Activity,Family_History,Heart_Disease,Diabetes,Stroke
24,79,Male,18.7,137,112,150,189,0,0,0,1,0,0,0
30,81,Female,23.3,177,109,236,194,0,0,1,0,0,0,0
31,20,Female,33.1,178,78,242,187,0,1,1,0,0,1,0
33,24,Male,25.7,96,97,220,130,0,0,0,1,0,0,0
45,25,Male,36.0,157,93,260,176,1,1,0,0,0,1,0
46,64,Male,28.9,160,85,291,96,0,0,0,0,1,0,0
50,21,Female,27.5,159,110,228,131,1,0,1,0,0,0,0
57,35,Male,15.5,167,63,254,163,0,0,1,0,0,0,0
60,79,Female,32.0,121,107,296,82,1,0,1,0,0,0,0
64,79,Female,31.6,175,110,260,137,1,1,1,0,1,0,1
66,70,Female,30.4,140,65,280,133,1,0,0,0,0,0,0
68,43,Female,29.7,165,70,244,135,1,0,0,0,0,0,0
70,58,Male,20.9,106,89,220,144,1,0,1,1,0,0,0
71,46,Female,32.3,96,84,173,114,1,1,0,0,0,0,0
74,82,Female,27.4,93,66,242,72,1,0,1,0,0,0,0
77,25,Male,29.3,106,81,204,86,0,0,1,0,0,0,0
79,28,Male,23.4,95,78,186,75,0,0,1,0,0,0,0
100,18,Male,30.9,166,91,210,113,0,0,0,0,0,0,0
101,22,Male,32.6,157,113,157,160,0,0,1,1,0,1,0
110,21,Male,22.7,91,113,236,199,1,0,1,1,0,0,0
112,32,Male,26.2,141,117,288,96,0,0,0,1,0,0,0
116,30,Male,23.7,179,60,169,92,0,1,1,0,0,0,0
121,59,Male,33.9,147,94,227,72,0,0,1,0,0,0,0
124,74,Female,29.6,158,70,277,104,1,0,1,0,1,0,1
125,23,Female,34.6,173,73,283,83,1,0,1,1,0,0,0
129,47,Female,24.5,146,76,172,109,1,1,0,1,0,0,0
136,44,Male,35.5,169,88,250,189,0,1,0,1,0,1,0
163,49,Male,22.7,160,76,232,126,0,1,1,0,0,0,0
164,49,Female,35.5,128,73,174,95,0,1,1,1,0,0,0
169,41,Female,26.5,112,71,212,144,0,0,1,0,0,0,0
174,37,Female,26.3,173,94,285,149,1,1,0,0,0,0,0
176,53,Female,27.9,168,106,235,195,1,0,0,1,0,0,0
186,28,Male,22.1,126,106,198,145,1,1,0,0,0,0,0
189,40,Female,23.5,168,107,233,113,0,0,1,1,0,0,0
195,19,Female,29.0,105,119,215,78,1,1,1,1,0,0,0
197,65,Male,20.0,124,70,212,188,0,0,0,1,0,0,0
204,20,Female,23.9,158,107,164,168,1,1,0,0,0,0,0
211,55,Female,32.5,116,117,185,189,0,0,0,0,0,1,0
212,42,Male,30.2,115,78,197,140,1,0,0,1,0,0,0
213,35,Female,37.7,96,83,200,109,0,1,1,1,0,0,0
219,50,Male,29.7,158,87,229,178,1,0,1,1,0,0,0
221,31,Male,24.6,142,61,299,161,1,1,0,0,0,0,0
232,39,Male,24.5,92,91,201,101,1,1,0,1,0,0,0
234,55,Male,21.8,118,76,291,78,1,0,1,1,0,0,0
238,44,Female,28.6,116,118,287,70,1,1,0,0,0,0,0
240,38,Male,21.4,128,107,206,132,0,1,0,1,0,0,0
248,52,Female,32.0,124,62,171,96,0,1,1,0,0,0,0
252,61,Male,27.0,114,73,222,136,1,0,1,0,0,0,0
255,23,Female,20.0,156,112,203,175,1,0,1,0,0,0,0
257,41,Female,29.1,140,102,167,165,1,0,1,0,0,0,0
262,49,Male,35.0,158,89,254,185,0,0,0,0,0,1,0
267,71,Female,21.8,150,87,210,148,1,0,1,1,0,0,0
271,41,Female,25.6,125,92,286,175,0,0,1,0,0,0,0
276,44,Male,19.4,92,111,217,134,0,0,0,1,0,0,0
282,65,Female,23.5,179,116,210,148,1,1,1,1,0,0,1
290,77,Male,32.3,126,113,272,174,0,1,1,0,0,1,0
298,33,Male,22.4,155,67,197,199,1,1,1,1,0,0,0
299,31,Female,25.3,143,84,181,196,0,1,1,1,0,0,0
301,83,Male,29.2,127,68,248,188,0,0,0,0,0,0,0
304,68,Male,20.6,151,82,219,195,1,0,0,0,0,0,1
306,75,Female,27.9,178,114,165,106,1,0,0,1,0,0,1
307,80,Female,13.6,100,84,208,106,0,1,1,0,0,0,0
308,79,Female,28.3,161,67,168,77,1,0,1,0,0,0,1
317,77,Male,28.8,109,62,211,94,1,1,0,1,0,0,0
323,64,Male,28.7,104,106,167,196,1,0,1,1,0,0,0
325,57,Male,26.5,99,77,253,109,1,0,1,0,0,0,0
332,80,Male,27.2,160,86,157,117,1,0,0,1,0,0,1
343,51,Male,26.1,166,74,220,146,0,0,1,0,0,0,0
345,18,Male,35.8,118,106,271,120,1,1,1,0,0,0,0
351,84,Male,28.3,94,96,166,185,0,1,1,0,0,0,0
352,43,Male,34.6,131,62,199,131,0,1,0,1,0,0,0
353,33,Female,34.0,96,68,186,153,0,1,1,1,0,1,0
354,68,Male,29.1,131,117,267,125,1,0,0,1,0,0,0
355,74,Male,30.8,125,100,229,92,1,0,0,0,0,0,0
362,50,Female,29.6,116,80,162,183,0,0,0,0,0,0,0
367,27,Female,29.7,141,86,183,85,0,0,1,1,0,0,0
368,36,Male,34.2,114,110,252,167,0,1,0,0,0,1,0
369,75,Female,30.9,143,111,159,180,1,1,1,0,0,1,0
375,49,Male,22.1,155,110,294,197,1,0,1,1,0,0,0
383,68,Female,20.1,109,103,210,162,1,1,0,1,0,0,0
384,60,Male,27.2,113,105,207,101,1,0,1,0,0,0,0
394,29,Male,26.7,177,100,283,119,0,1,0,1,0,0,0
395,63,Female,19.9,175,104,237,199,0,1,0,1,0,0,0
412,41,Male,29.5,105,84,290,97,1,1,0,0,0,0,0
415,54,Female,20.8,154,91,292,130,0,1,0,1,1,0,0
417,72,Female,30.4,179,73,186,183,1,1,1,1,0,1,1
423,30,Female,32.8,164,64,271,167,1,0,1,1,0,1,0
428,78,Female,24.5,160,82,157,93,0,0,1,1,0,0,0
430,26,Male,24.0,128,113,266,161,0,0,1,1,0,0,0
433,33,Female,21.0,96,75,208,172,0,1,1,0,0,0,0
434,29,Male,30.5,138,92,207,190,0,0,1,1,0,1,0
439,33,Male,31.8,91,85,250,193,1,0,0,0,0,1,0
451,75,Female,19.6,124,106,166,192,0,1,0,0,0,0,0
454,63,Female,29.7,125,78,158,171,1,1,1,1,0,0,0
463,46,Female,27.0,111,67,191,115,0,0,1,0,0,0,0
465,55,Female,32.6,142,82,289,100,1,0,0,0,1,0,0
472,48,Male,28.9,139,63,186,77,0,1,0,0,0,0,0
479,84,Male,31.2,133,82,194,71,1,0,0,0,0,0,0
480,62,Female,29.5,136,91,252,178,0,1,0,0,0,0,0
481,30,Male,22.1,128,111,255,95,0,1,0,1,0,0,0
483,37,Female,21.5,143,72,277,176,1,0,0,1,0,0,0
486,18,Female,29.7,106,119,154,99,0,0,1,1,0,0,0
495,75,Female,28.7,103,69,231,141,0,1,1,1,0,0,0
496,61,Male,31.0,148,100,290,112,1,0,1,1,1,0,0
508,64,Male,24.6,118,88,201,191,0,0,0,1,0,0,0
515,20,Female,18.4,163,99,266,141,1,1,1,0,0,0,0
520,41,Female,32.3,98,114,189,116,1,0,0,0,0,0,0
527,67,Male,25.1,118,117,221,76,0,1,1,0,0,0,0
528,45,Female,28.7,167,100,166,71,1,1,1,0,0,0,0
530,81,Female,25.1,104,69,234,129,0,1,0,0,0,0,0
531,44,Female,17.4,95,107,206,93,1,1,1,1,0,0,0
535,46,Male,28.2,93,96,180,87,1,0,1,1,0,0,0
536,30,Female,21.7,171,114,261,89,0,1,0,1,0,0,0
539,23,Female,19.9,133,102,257,108,1,0,0,0,0,0,0
544,73,Female,25.0,151,115,291,179,1,1,1,0,1,0,1
545,47,Female,21.1,153,71,165,166,0,1,0,1,0,0,0
553,80,Male,33.1,166,104,296,141,0,1,1,0,1,1,0
555,44,Female,21.1,167,103,208,155,1,0,0,1,0,0,0
556,66,Female,24.5,141,81,238,92,1,0,1,1,0,0,0
571,62,Female,25.2,92,109,247,90,1,0,0,0,0,0,0
573,79,Male,20.8,146,67,288,71,1,0,0,0,1,0,0
580,71,Male,28.5,135,101,236,195,0,0,1,0,0,0,0
582,67,Female,23.4,114,116,241,97,1,0,1,0,0,0,0
583,29,Female,29.2,140,104,171,133,0,1,0,1,0,0,0
584,82,Male,24.8,102,68,241,140,0,0,1,0,0,0,0
585,71,Male,28.9,133,90,226,188,0,0,0,1,0,0,0
586,22,Female,26.0,124,66,174,169,0,0,1,0,0,0,0
592,83,Male,33.0,130,92,168,157,1,0,1,0,0,1,0
600,80,Female,23.6,158,74,268,94,1,1,0,1,1,0,1
603,47,Male,28.5,163,65,163,87,1,1,0,0,0,0,0
608,27,Male,21.1,119,111,167,121,0,0,1,0,0,0,0
611,34,Male,31.1,144,87,193,187,0,0,0,0,0,1,0
612,51,Female,26.9,156,90,196,104,0,1,0,0,0,0,0
614,70,Male,23.3,92,113,209,121,1,1,0,0,0,0,0
618,72,Male,26.0,142,78,256,192,0,1,1,1,1,0,0
619,33,Female,26.8,159,102,280,196,0,0,1,1,0,0,0
621,21,Male,36.7,149,65,245,148,1,0,1,0,0,1,0
629,67,Female,27.1,107,77,150,191,0,0,1,1,0,0,0
631,68,Female,23.7,141,114,157,173,0,1,1,1,0,0,0
638,38,Male,25.5,97,118,194,108,1,1,1,1,0,0,0
652,78,Female,27.6,115,78,290,112,0,1,1,1,0,0,0
655,18,Female,34.7,172,104,207,92,1,1,1,0,0,0,0
671,55,Male,21.6,94,69,161,135,0,1,0,0,0,0,0
675,56,Male,22.9,94,106,171,194,0,0,1,1,0,0,0
679,42,Female,21.5,117,108,194,148,1,0,1,0,0,0,0
680,34,Male,28.5,122,65,226,92,1,0,0,0,0,0,0
694,81,Male,21.4,95,100,217,96,1,1,1,0,0,0,0
702,21,Female,24.5,161,115,272,175,1,1,1,1,0,0,0
713,23,Male,27.6,128,64,220,93,0,1,1,0,0,0,0
721,25,Female,25.9,139,98,248,91,1,0,0,0,0,0,0
731,64,Male,29.1,114,100,157,170,1,0,1,0,0,0,0
744,40,Male,30.3,171,105,202,148,1,1,1,0,0,1,0
745,27,Female,17.7,162,72,233,150,1,1,0,0,0,0,0
747,19,Female,29.1,94,119,225,146,0,0,0,1,0,0,0
756,41,Female,22.7,101,63,292,146,0,1,1,1,0,0,0
758,52,Male,26.7,130,105,292,122,1,1,1,1,0,0,0
760,79,Male,20.5,126,77,256,105,1,1,1,0,0,0,0
765,52,Male,29.1,111,98,163,93,1,0,1,0,0,0,0
772,28,Male,25.4,149,119,202,120,1,0,1,1,0,0,0
781,21,Male,27.9,91,61,266,109,0,1,1,1,0,0,0
783,35,Female,25.9,176,73,282,93,0,1,0,1,0,0,0
786,31,Female,32.7,120,95,281,92,0,1,1,0,0,0,0
788,68,Male,29.1,118,83,298,123,1,1,0,1,0,0,0
789,55,Male,19.2,156,86,192,122,0,1,0,1,0,0,0
793,42,Male,21.7,154,86,175,171,0,0,1,0,0,0,0
803,68,Male,27.8,110,102,183,152,0,1,1,0,0,0,0
808,50,Female,25.7,134,69,152,119,0,0,1,1,0,0,0
809,44,Female,33.9,106,118,152,83,0,0,0,1,0,0,0
825,73,Female,30.3,177,72,159,141,1,0,0,0,0,1,1
830,46,Female,18.2,126,96,272,137,0,1,1,0,0,0,0
833,19,Male,34.5,100,109,297,94,0,0,0,1,0,0,0
835,53,Male,33.5,91,73,196,171,0,1,0,0,0,1,0
856,68,Male,28.7,140,92,245,116,1,1,1,1,0,0,0
858,57,Male,24.5,102,84,209,83,0,0,1,1,0,0,0
863,63,Female,25.2,146,92,184,181,1,1,1,1,0,0,0
875,64,Female,21.9,120,71,281,93,1,1,0,1,0,0,0
880,43,Male,27.3,177,60,197,92,1,0,0,0,0,0,0
887,24,Male,17.1,178,108,264,178,1,1,1,1,0,0,0
888,51,Male,23.9,135,78,257,137,0,0,1,1,0,0,0
889,34,Male,30.4,177,119,193,93,0,0,0,0,0,0,0
890,60,Male,23.1,136,102,227,105,1,0,1,0,0,0,0
906,37,Male,22.7,171,62,172,137,1,0,0,0,0,0,0
907,80,Male,34.8,138,102,195,192,0,0,1,1,0,1,0
908,78,Female,22.7,107,116,177,149,1,1,0,1,0,0,0
910,18,Female,21.3,93,63,159,189,0,1,0,0,0,0,0
917,46,Male,30.8,171,92,180,167,1,0,1,1,0,1,0
931,21,Male,32.3,103,68,177,123,1,0,0,0,0,0,0
938,27,Female,23.1,171,89,246,180,0,0,1,0,0,0,0
939,51,Female,32.7,112,110,193,165,1,0,0,0,0,1,0
945,82,Male,30.3,121,86,235,152,0,0,1,1,0,1,0
950,84,Male,31.5,159,91,159,187,1,0,1,0,0,1,1
965,50,Female,32.4,105,84,182,170,1,1,0,1,0,1,0
966,40,Male,28.6,105,90,193,72,0,0,1,0,0,0,0
974,64,Male,25.4,121,76,180,126,0,0,1,0,0,0,0
975,37,Female,27.4,130,104,257,180,1,1,0,1,0,0,0
979,29,Male,24.3,109,100,270,186,0,1,0,0,0,0,0
988,47,Male,23.0,159,105,227,138,1,1,1,0,0,0,0
991,26,Male,21.7,159,63,270,97,1,1,1,1,0,0,0
994,42,Male,32.2,168,80,162,107,1,0,1,1,0,0,0
1005,51,Female,33.1,103,117,218,107,1,1,1,1,0,0,0
1028,53,Male,24.0,120,102,294,165,0,0,0,0,0,0,0
1034,28,Female,27.5,120,83,155,91,1,0,1,0,0,0,0
1037,56,Male,22.9,168,111,239,107,1,0,1,1,0,0,0
1042,73,Female,25.0,104,78,201,112,0,0,0,0,0,0,0
1054,59,Female,18.3,118,92,202,113,0,1,0,1,0,0,0
1055,42,Female,32.2,100,73,245,186,1,0,1,1,0,1,0
1064,76,Male,38.4,165,73,150,169,0,0,1,1,0,1,0
1076,29,Female,33.8,132,68,282,164,1,0,0,0,0,1,0
1079,43,Female,30.0,137,90,273,116,1,0,1,0,0,0,0
1081,64,Male,16.9,110,82,229,124,0,0,1,0,0,0,0
1084,33,Female,26.2,112,64,227,160,0,1,0,0,0,0,0
1085,34,Female,30.8,102,102,182,170,1,1,0,0,0,1,0
1090,24,Male,24.1,98,117,156,97,1,0,0,0,0,0,0
1092,65,Female,21.1,110,114,219,185,1,1,1,0,0,0,0
1101,77,Female,16.7,156,60,210,86,0,1,1,1,0,0,0
1104,54,Male,25.8,155,80,225,133,1,1,0,1,0,0,0
1106,57,Male,31.8,104,77,211,125,0,1,0,1,0,0,0
1108,56,Female,21.4,118,111,276,85,0,1,0,1,0,0,0
1117,72,Male,22.8,159,63,249,119,1,1,0,1,1,0,1
1119,51,Female,21.4,95,87,174,191,1,1,1,1,0,0,0
1121,30,Female,22.8,171,111,249,155,0,0,1,0,0,0,0
1135,42,Female,23.1,146,60,237,93,0,1,0,0,0,0,0
1138,66,Male,21.3,112,117,268,159,1,0,1,1,0,0,0
1165,21,Male,27.7,128,100,262,155,1,1,1,1,0,0,0
1174,22,Female,24.2,158,100,269,175,1,1,0,1,0,0,0
1179,26,Male,19.4,156,70,205,172,1,1,1,0,0,0,0
1180,37,Male,35.7,176,100,213,125,1,1,1,0,0,0,0
1183,67,Female,20.3,150,114,181,179,1,0,0,1,0,0,0
1186,20,Female,36.7,108,60,254,70,1,0,1,0,0,0,0
1191,73,Male,24.0,130,108,225,138,0,0,0,1,0,0,0
1194,26,Male,25.9,114,108,275,160,1,1,0,1,0,0,0
1197,59,Female,24.3,108,73,264,125,1,0,1,1,0,0,0
1199,57,Male,28.4,168,75,272,83,1,1,0,0,1,0,0
1224,76,Female,27.5,162,83,186,153,0,1,1,1,0,0,0
1226,65,Male,35.9,163,100,165,175,0,1,0,1,0,1,0
1230,70,Female,29.5,95,118,172,173,1,0,1,0,0,0,0
1234,55,Female,24.2,122,108,290,181,1,1,0,0,0,0,0
1243,27,Female,24.5,176,92,157,173,0,0,0,1,0,0,0
1245,70,Male,19.4,160,64,253,173,0,0,1,1,1,0,0
1246,47,Male,18.5,168,115,183,193,1,0,0,1,0,0,0
1260,47,Male,32.5,97,66,173,85,1,1,0,1,0,0,0
1266,37,Male,25.6,97,74,282,133,0,0,1,1,0,0,0
1274,39,Male,28.3,136,97,286,142,0,1,1,1,0,0,0
1275,67,Male,39.8,141,93,299,130,1,0,1,1,1,0,0
1279,46,Male,33.0,149,63,164,175,1,0,1,0,0,1,0
1285,50,Male,30.3,99,67,249,115,0,0,0,1,0,0,0
1290,43,Male,23.9,146,114,269,167,1,1,0,0,0,0,0
1291,63,Female,36.0,135,115,223,100,1,1,0,1,0,0,0
1293,21,Female,17.8,99,82,180,177,1,1,0,0,0,0,0
1302,39,Female,26.7,178,62,213,89,0,0,1,0,0,0,0
1311,74,Female,33.3,90,109,290,94,1,1,0,0,0,0,0
1314,75,Female,24.8,119,93,210,110,1,1,1,0,0,0,0
1320,81,Female,23.3,176,61,169,72,0,1,1,1,0,0,0
1324,35,Female,36.3,96,78,269,78,1,1,0,1,0,0,0
1325,32,Male,23.4,111,84,294,76,1,0,1,0,0,0,0
1334,67,Male,32.0,179,67,287,76,0,1,1,1,1,0,0
1336,81,Female,30.8,166,96,296,199,1,0,0,1,1,1,1
1346,34,Male,32.8,117,100,175,187,1,1,1,0,0,1,0
1351,80,Female,23.0,122,119,255,91,1,0,0,0,0,0,0
1365,28,Male,27.1,102,76,175,152,0,0,1,1,0,0,0
1371,71,Male,24.5,127,86,287,120,0,0,1,0,0,0,0
1379,50,Female,19.5,141,94,245,174,0,0,0,0,0,0,0
1382,83,Female,23.4,131,66,195,88,0,1,1,1,0,0,0
1385,32,Female,32.0,97,114,188,148,0,0,1,0,0,1,0
1395,25,Female,38.1,127,93,158,186,0,0,0,0,0,1,0
1396,67,Male,27.0,142,78,183,170,1,0,0,1,0,0,0
1413,62,Male,26.0,132,78,267,104,0,0,0,0,0,0,0
1415,72,Male,25.2,143,81,245,175,0,1,0,0,1,0,0
1420,49,Male,28.1,97,76,170,77,1,0,0,1,0,0,0
1424,39,Female,38.5,120,67,260,162,0,1,1,0,0,1,0
1426,73,Female,28.9,145,77,206,71,0,1,1,0,0,0,0
1432,71,Female,34.0,98,100,248,122,0,0,0,0,0,0,0
1434,24,Female,30.0,148,64,219,78,0,1,0,1,0,0,0
1441,54,Female,32.0,109,78,270,191,1,1,0,0,0,1,0
1450,83,Female,20.7,120,99,237,179,1,1,0,1,0,0,0
1451,51,Female,13.4,143,78,211,87,1,1,1,1,0,0,0
1454,56,Male,32.2,160,112,285,196,0,1,0,0,1,1,0
1461,38,Male,34.0,150,75,287,91,0,1,0,0,0,0,0
1465,59,Male,22.0,123,100,297,121,0,0,1,1,0,0,0
1466,61,Male,36.1,133,66,166,147,0,1,0,1,0,1,0
1473,77,Female,27.0,134,97,178,109,0,1,0,1,0,0,0
1474,31,Female,27.1,148,81,176,73,0,1,1,0,0,0,0
1475,19,Female,25.9,151,118,295,100,1,1,1,1,0,0,0
1484,53,Female,30.7,151,84,244,174,0,0,1,0,1,1,0
1488,48,Female,19.6,143,64,215,84,0,0,0,0,0,0,0
1492,31,Male,24.7,108,94,246,161,0,1,0,1,0,0,0
1498,60,Female,27.1,136,103,198,176,0,1,1,1,0,0,0
1503,54,Male,28.2,141,88,189,162,0,0,0,0,0,0,0
1511,78,Male,21.7,144,105,214,82,1,0,1,0,0,0,0
1513,19,Female,28.2,138,64,202,119,1,1,1,1,0,0,0
1519,52,Male,26.9,114,109,166,137,0,1,1,0,0,0,0
1531,73,Male,29.4,146,96,286,99,1,0,0,1,1,0,0
1533,67,Female,23.0,112,76,269,132,0,1,0,0,0,0,0
1538,62,Male,27.3,101,68,150,190,1,1,0,1,0,0,0
1542,18,Female,19.7,120,115,159,148,0,0,0,0,0,0,0
1544,46,Male,15.8,102,112,270,166,1,1,0,1,0,0,0
1545,22,Female,29.4,120,118,275,87,0,0,0,1,0,0,0
1547,51,Female,24.4,104,102,289,102,1,0,1,1,0,0,0
1551,47,Female,31.0,157,60,244,195,0,1,0,1,0,1,0
1552,34,Male,33.5,164,76,292,74,1,1,1,0,0,0,0
1556,63,Male,23.3,128,72,280,140,0,0,0,1,0,0,0
1557,50,Male,24.5,166,90,262,161,1,1,0,0,0,0,0
1563,65,Female,29.0,160,64,168,122,1,1,0,0,0,0,1
1564,79,Male,24.3,97,64,218,171,1,0,0,0,0,0,0
1567,80,Male,33.0,130,68,277,90,1,0,1,1,0,0,0
1568,50,Male,19.6,164,65,248,152,1,1,1,0,0,0,0
1569,58,Female,25.1,177,84,181,83,1,1,0,1,0,0,0
1574,36,Female,21.5,172,69,219,146,1,0,0,0,0,0,0
1593,20,Male,25.4,100,88,245,126,0,1,0,0,0,0,0
1594,43,Female,31.0,154,64,273,100,0,1,0,0,0,0,0
1601,22,Male,24.3,167,66,298,192,1,1,0,1,0,0,0
1606,60,Male,25.9,115,62,170,165,0,0,0,0,0,0,0
1609,60,Female,32.0,175,98,209,169,0,1,1,1,0,1,0
1610,38,Male,27.6,114,77,273,180,1,1,1,0,0,0,0
1611,40,Male,34.7,91,70,172,120,1,1,0,1,0,0,0
1613,32,Male,24.6,94,108,273,129,1,0,1,1,0,0,0
1616,68,Female,30.0,95,99,239,195,0,1,0,1,0,0,0
1619,30,Female,28.9,178,69,176,147,1,1,0,0,0,0,0
1622,69,Female,34.5,128,90,164,103,1,1,1,0,0,0,0
1624,46,Male,18.7,122,62,159,144,1,1,1,0,0,0,0
1625,45,Male,30.7,103,95,269,72,1,0,1,1,0,0,0
1641,59,Female,33.0,175,96,205,103,0,0,0,1,0,0,0
1647,71,Female,25.3,122,63,219,89,1,1,1,0,0,0,0
1648,18,Female,32.5,94,98,229,112,1,0,1,1,0,0,0
1653,39,Female,23.3,113,63,270,114,0,0,1,1,0,0,0
1655,26,Female,21.3,152,78,159,84,1,1,0,1,0,0,0
1659,27,Female,23.7,101,112,205,155,0,0,1,0,0,0,0
1660,59,Female,22.3,117,72,191,150,1,0,0,0,0,0,0
1665,67,Male,27.3,138,113,218,157,0,0,0,1,0,0,0
1667,36,Male,21.9,146,107,216,79,0,0,0,1,0,0,0
1674,64,Male,33.1,163,61,245,159,0,1,1,0,1,1,0
1675,66,Female,29.4,159,104,277,77,0,1,1,0,1,0,0
1676,50,Female,23.4,177,72,175,180,0,0,1,1,0,0,0
1687,42,Female,32.8,111,61,245,87,1,1,1,0,0,0,0
1692,35,Male,26.3,161,70,230,155,1,1,1,1,0,0,0
1697,41,Male,28.6,154,119,240,162,1,1,1,0,0,0,0
1698,77,Female,36.2,149,67,235,196,0,1,0,0,0,1,0
1700,36,Female,29.6,125,63,215,123,0,0,0,1,0,0,0
1711,77,Male,25.2,141,85,260,159,1,0,1,1,1,0,0
1714,22,Male,33.3,102,87,192,124,0,1,0,1,0,0,0
1720,67,Female,27.6,162,96,266,98,0,0,0,1,1,0,0
1729,47,Male,19.9,120,61,280,136,1,1,0,0,0,0,0
1730,25,Female,27.5,159,84,249,131,1,0,1,1,0,0,0
1732,61,Female,29.5,145,103,206,107,0,1,0,1,0,0,0
1737,72,Female,29.2,127,116,276,108,0,0,1,1,0,0,0
1738,79,Female,18.5,136,71,204,140,0,0,1,0,0,0,0
1740,72,Male,26.0,139,95,239,70,0,1,1,1,0,0,0
1742,29,Female,31.1,104,87,222,99,0,0,1,1,0,0,0
1746,25,Male,24.3,91,105,191,88,1,1,1,0,0,0,0
1755,39,Male,26.5,154,107,202,99,0,0,0,1,0,0,0
1757,50,Female,23.2,90,72,245,82,0,0,1,0,0,0,0
1767,69,Female,24.4,101,114,259,115,1,0,1,1,0,0,0
1768,79,Female,19.1,111,110,249,89,0,0,0,0,0,0,0
1783,52,Female,23.4,113,69,252,151,1,1,1,1,0,0,0
1785,47,Male,35.1,113,96,262,182,0,1,1,1,0,1,0
1790,31,Female,26.8,127,72,152,101,0,1,1,1,0,0,0
1795,19,Male,28.0,132,95,262,118,1,0,0,0,0,0,0
1799,42,Male,33.9,147,106,236,85,0,0,0,0,0,0,0
1804,53,Female,30.5,118,78,198,174,1,0,1,1,0,1,0
1811,23,Female,28.3,136,78,165,173,1,0,1,0,0,0,0
1814,25,Female,23.2,121,63,283,100,0,1,1,1,0,0,0
1815,38,Male,30.8,131,101,194,130,0,0,1,1,0,0,0
1819,29,Male,26.2,145,100,276,103,0,1,0,0,0,0,0
1820,49,Female,35.1,91,94,181,128,0,1,1,0,0,0,0
1826,80,Female,26.5,111,103,207,198,1,1,1,1,0,0,0
1832,40,Male,27.2,142,100,235,87,1,0,1,1,0,0,0
1834,22,Female,24.5,129,72,233,85,0,1,1,0,0,0,0
1839,67,Female,26.0,107,90,259,81,0,0,0,1,0,0,0
1848,21,Female,20.9,169,116,254,118,0,0,0,1,0,0,0
1853,69,Female,26.2,172,77,299,172,0,1,1,1,1,0,0
1861,44,Male,23.6,150,61,230,186,0,0,0,1,0,0,0
1873,82,Male,21.2,166,113,194,113,1,1,0,0,0,0,1
1874,30,Female,18.6,178,112,153,71,1,1,1,1,0,0,0
1885,43,Male,27.8,124,91,214,122,0,1,1,0,0,0,0
1894,30,Male,32.5,158,60,260,189,0,1,0,1,0,1,0
1898,58,Female,26.8,176,76,249,142,1,1,1,1,1,0,0
1904,27,Male,33.3,123,94,251,178,0,1,0,1,0,1,0
1906,77,Female,27.6,98,61,256,76,1,0,0,1,0,0,0
1912,66,Female,23.4,126,75,259,154,0,1,0,0,0,0,0
1913,34,Male,26.2,120,77,161,72,1,1,1,0,0,0,0
1917,61,Male,29.3,103,100,156,102,0,1,0,1,0,0,0
1920,60,Female,26.7,168,100,251,121,0,0,1,0,1,0,0
1923,41,Female,22.1,125,119,180,98,0,0,1,1,0,0,0
1925,34,Male,26.5,174,78,197,166,0,0,1,0,0,0,0
1928,38,Male,36.7,151,61,233,193,1,0,0,1,0,1,0
1931,28,Male,18.5,165,114,197,182,0,1,0,0,0,0,0
1932,69,Male,40.2,169,72,265,134,0,1,0,1,1,0,0
1933,32,Female,31.5,140,99,162,148,0,1,0,0,0,1,0
1935,45,Male,25.5,118,102,252,187,1,1,1,1,0,0,0
1938,22,Male,27.9,128,117,241,155,0,1,0,1,0,0,0
1939,22,Female,27.1,171,90,226,103,1,0,0,0,0,0,0
1951,58,Female,18.5,123,77,224,156,0,1,1,1,0,0,0
1960,49,Male,27.1,90,99,235,158,1,1,1,0,0,0,0
1963,49,Female,32.5,104,61,189,86,1,1,0,0,0,0,0
1966,32,Female,38.4,106,88,214,124,1,1,0,1,0,0,0
1967,34,Female,21.1,102,109,295,79,0,0,0,1,0,0,0
1979,38,Female,22.7,110,76,228,105,1,1,1,0,0,0,0
1982,29,Male,34.6,139,94,298,144,1,0,1,0,0,1,0
1988,25,Female,23.4,109,74,263,122,1,0,0,1,0,0,0
1991,40,Male,12.5,91,106,204,145,0,1,0,0,0,0,0
